id,firstname
1,Jobi
2,Leanna
3,Dari
4,Vere
5,Susette
6,Meg
7,Estell
8,Ofilia
9,Margette
10,Alleen
11,Jinny
12,Vivia
13,Eve
14,Adore
15,Kimmy
16,Shell
17,Vonny
18,Katleen
19,Jolyn
20,Jasmina
21,Stephanie
22,Sybille
23,Sandie
24,Elie
25,Jorry
26,Cassondra
27,Ninnetta
28,Maisey
29,Petronia
30,Tera
31,Feliza
32,Jan
33,Althea
34,Vivia
35,Anallese
36,Kalina
37,Ira
38,Clary
39,Letizia
40,Selma
41,Gabi
42,Liana
43,Benita
44,Linet
45,Petronia
46,Chastity
47,Starla
48,Tera
49,Kate
50,Berget
51,Annecorinne
52,Estell
53,Dawn
54,Viki
55,Emylee
56,Fanny
57,Maurene
58,Lisette
59,Kimmy
60,Aubrie
61,Bertine
62,Ernesta
63,Stephanie
64,Sharlene
65,Shauna
66,Helsa
67,Cherrita
68,Tressa
69,Lyssa
70,Myrtice
71,Flory
72,Kial
73,Augustine
74,Doro
75,Annora
76,Jacenta
77,Quintina
78,Tomasina
79,Carlie
80,Bibby
81,Isa
82,Laurene
83,Ofilia
84,Nelle
85,Devina
86,Cristabel
87,Kirstin
88,Elbertina
89,Jany
90,Janis
91,Pierette
92,Ezmeralda
93,Annice
94,Roz
95,Annora
96,Frances
97,Sissy
98,Rayna
99,Iseabal
100,Dawn